,Location,Date,Debate,Source,Speaker,Speech,RE
0,"Washington University in St. Louis, Missouri",10/9/16,2,http://www.presidency.ucsb.edu/ws/?pid=119038,RADDATZ,"Ladies and gentlemen the Republican nominee for president, Donald J. Trump, and the Democratic nominee for president, Hillary Clinton.","the Republican nominee for president, Donald J. Trump; the Democratic nominee for president, Hillary Clinton"
5,"Washington University in St. Louis, Missouri",10/9/16,2,http://www.presidency.ucsb.edu/ws/?pid=119038,COOPER,"Secretary Clinton, you won the coin toss, so you'll go first.",Secretary Clinton
24,"Washington University in St. Louis, Missouri",10/9/16,2,http://www.presidency.ucsb.edu/ws/?pid=119038,COOPER,"Secretary Clinton, thank you.",Secretary Clinton
25,"Washington University in St. Louis, Missouri",10/9/16,2,http://www.presidency.ucsb.edu/ws/?pid=119038,COOPER,"Mr. Trump, you have two minutes.",Mr. Trump
52,"Washington University in St. Louis, Missouri",10/9/16,2,http://www.presidency.ucsb.edu/ws/?pid=119038,COOPER,"Thank you, Mr. Trump.",Mr. Trump
54,"Washington University in St. Louis, Missouri",10/9/16,2,http://www.presidency.ucsb.edu/ws/?pid=119038,COOPER,"We received a lot of questions online, Mr. Trump, about the tape that was released on Friday, as you can imagine.",Mr. Trump
79,"Washington University in St. Louis, Missouri",10/9/16,2,http://www.presidency.ucsb.edu/ws/?pid=119038,COOPER,"So, Mr. Trump...",Mr. Trump
97,"Washington University in St. Louis, Missouri",10/9/16,2,http://www.presidency.ucsb.edu/ws/?pid=119038,COOPER,"Thank you, Mr. Trump.",Mr. Trump
99,"Washington University in St. Louis, Missouri",10/9/16,2,http://www.presidency.ucsb.edu/ws/?pid=119038,COOPER,"Thank you, Mr. Trump.",Mr. Trump
101,"Washington University in St. Louis, Missouri",10/9/16,2,http://www.presidency.ucsb.edu/ws/?pid=119038,COOPER,"Secretary Clinton, do you want to respond?",Secretary Clinton
104,"Washington University in St. Louis, Missouri",10/9/16,2,http://www.presidency.ucsb.edu/ws/?pid=119038,CLINTON,Donald Trump is different.,Donald Trump
107,"Washington University in St. Louis, Missouri",10/9/16,2,http://www.presidency.ucsb.edu/ws/?pid=119038,CLINTON,"What we all saw and heard on Friday was Donald talking about women, what he thinks about women, what he does to women.",Donald
115,"Washington University in St. Louis, Missouri",10/9/16,2,http://www.presidency.ucsb.edu/ws/?pid=119038,CLINTON,"So, yes, this is who Donald Trump is.",Donald Trump
117,"Washington University in St. Louis, Missouri",10/9/16,2,http://www.presidency.ucsb.edu/ws/?pid=119038,CLINTON,So this is who Donald Trump is.,Donald Trump
129,"Washington University in St. Louis, Missouri",10/9/16,2,http://www.presidency.ucsb.edu/ws/?pid=119038,TRUMP,"I heard them when they were running for the Senate in New York, where Hillary was going to bring back jobs to upstate New York and she failed.",Hillary
130,"Washington University in St. Louis, Missouri",10/9/16,2,http://www.presidency.ucsb.edu/ws/?pid=119038,TRUMP,"I've heard them where Hillary is constantly talking about the inner cities of our country, which are a disaster education-wise, jobwise, safety-wise, in every way possible.",Hillay
138,"Washington University in St. Louis, Missouri",10/9/16,2,http://www.presidency.ucsb.edu/ws/?pid=119038,RADDATZ,"Mr. Trump, Mr. TrumpäóîI want to get to audience questions and online questions.",Mr. Trump
147,"Washington University in St. Louis, Missouri",10/9/16,2,http://www.presidency.ucsb.edu/ws/?pid=119038,RADDATZ,"So, Mr. Trump, let me add to that.",Mr. Trump
156,"Washington University in St. Louis, Missouri",10/9/16,2,http://www.presidency.ucsb.edu/ws/?pid=119038,TRUMP,"If you look at Bill Clinton, far worse.",Bill Clinton
160,"Washington University in St. Louis, Missouri",10/9/16,2,http://www.presidency.ucsb.edu/ws/?pid=119038,TRUMP,"So you can say any way you want to say it, but Bill Clinton was abusive to women.",Bill Clinton
161,"Washington University in St. Louis, Missouri",10/9/16,2,http://www.presidency.ucsb.edu/ws/?pid=119038,TRUMP,Hillary Clinton attacked those same women and attacked them viciously.,Hillary Clinton
169,"Washington University in St. Louis, Missouri",10/9/16,2,http://www.presidency.ucsb.edu/ws/?pid=119038,TRUMP,"But what President Clinton did, he was impeached, he lost his license to practice law.",President Clinton
172,"Washington University in St. Louis, Missouri",10/9/16,2,http://www.presidency.ucsb.edu/ws/?pid=119038,TRUMP,"And I will tell you that when Hillary brings up a point like that and she talks about words that I said 11 years ago, I think it's disgraceful, and I think she should be ashamed of herself, if you want to know the truth.",Hillary
175,"Washington University in St. Louis, Missouri",10/9/16,2,http://www.presidency.ucsb.edu/ws/?pid=119038,RADDATZ,"Secretary Clinton, you have two minutes.",Secretary Clinton
179,"Washington University in St. Louis, Missouri",10/9/16,2,http://www.presidency.ucsb.edu/ws/?pid=119038,CLINTON,"When I hear something like that, I am reminded of what my friend, Michelle Obama, advised us all: When they go low, you go high.",Michelle Obama
183,"Washington University in St. Louis, Missouri",10/9/16,2,http://www.presidency.ucsb.edu/ws/?pid=119038,CLINTON,And Donald insulted and attacked them for weeks over their religion.,Donald
184,"Washington University in St. Louis, Missouri",10/9/16,2,http://www.presidency.ucsb.edu/ws/?pid=119038,CLINTON,"He never apologized to the distinguished federal judge who was born in Indiana, but Donald said he couldn't be trusted to be a judge because his parents were, quote, ""Mexican.""",Donald
186,"Washington University in St. Louis, Missouri",10/9/16,2,http://www.presidency.ucsb.edu/ws/?pid=119038,CLINTON,And he never apologized for the racist lie that President Obama was not born in the United States of America.,President Obama
190,"Washington University in St. Louis, Missouri",10/9/16,2,http://www.presidency.ucsb.edu/ws/?pid=119038,TRUMP,"You're the one that sent the pictures around your campaign, sent the pictures around with President Obama in a certain garb.",President Obama
192,"Washington University in St. Louis, Missouri",10/9/16,2,http://www.presidency.ucsb.edu/ws/?pid=119038,TRUMP,"Number two, Michelle Obama.",Michelle Obama
194,"Washington University in St. Louis, Missouri",10/9/16,2,http://www.presidency.ucsb.edu/ws/?pid=119038,TRUMP,"And I've gotten to see some of the most vicious commercials I've ever seen of Michelle Obama talking about you, Hillary.",Michelle Obama; Hillary
211,"Washington University in St. Louis, Missouri",10/9/16,2,http://www.presidency.ucsb.edu/ws/?pid=119038,RADDATZ,"Secretary Clinton, I want to follow up on that.",Secretary Clinton
219,"Washington University in St. Louis, Missouri",10/9/16,2,http://www.presidency.ucsb.edu/ws/?pid=119038,CLINTON,I told people that it would be impossible to be fact-checking Donald all the time.,Donald
222,"Washington University in St. Louis, Missouri",10/9/16,2,http://www.presidency.ucsb.edu/ws/?pid=119038,CLINTON,We have literally Trumpäóîyou can fact check him in real time.,Trump
223,"Washington University in St. Louis, Missouri",10/9/16,2,http://www.presidency.ucsb.edu/ws/?pid=119038,CLINTON,"Last time at the first debate, we had millions of people fact checking, so I expect we'll have millions more fact checking, because, you know, it isäóîit's just awfully good that someone with the temperament of Donald Trump is not in charge of the law in our country.",Donald Trump
226,"Washington University in St. Louis, Missouri",10/9/16,2,http://www.presidency.ucsb.edu/ws/?pid=119038,RADDATZ,Secretary Clinton...,Secretary Clinton
230,"Washington University in St. Louis, Missouri",10/9/16,2,http://www.presidency.ucsb.edu/ws/?pid=119038,RADDATZ,"And, Secretary Clinton, I do want to follow up on e- mails.",Secretary Clinton
252,"Washington University in St. Louis, Missouri",10/9/16,2,http://www.presidency.ucsb.edu/ws/?pid=119038,TRUMP,I'm watching Hillary go over facts.,Hillary
271,"Washington University in St. Louis, Missouri",10/9/16,2,http://www.presidency.ucsb.edu/ws/?pid=119038,COOPER,"Secretary Clinton, you can respond, and then we got to move on.",Secretary Clinton
274,"Washington University in St. Louis, Missouri",10/9/16,2,http://www.presidency.ucsb.edu/ws/?pid=119038,COOPER,"Secretary Clinton, you can respond.",Secretary Clinton
292,"Washington University in St. Louis, Missouri",10/9/16,2,http://www.presidency.ucsb.edu/ws/?pid=119038,CLINTON,"OK, Donald.",Donald
319,"Washington University in St. Louis, Missouri",10/9/16,2,http://www.presidency.ucsb.edu/ws/?pid=119038,COOPER,"That first one goes to Secretary Clinton, because you started out the last one to the audience.",Secretary Clinton
321,"Washington University in St. Louis, Missouri",10/9/16,2,http://www.presidency.ucsb.edu/ws/?pid=119038,CLINTON,"No, go ahead, Donald.",Donald
322,"Washington University in St. Louis, Missouri",10/9/16,2,http://www.presidency.ucsb.edu/ws/?pid=119038,TRUMP,"No, I'm a gentlemen, Hillary.",Hillary
325,"Washington University in St. Louis, Missouri",10/9/16,2,http://www.presidency.ucsb.edu/ws/?pid=119038,COOPER,Secretary Clinton?,Secretary Clinton
326,"Washington University in St. Louis, Missouri",10/9/16,2,http://www.presidency.ucsb.edu/ws/?pid=119038,CLINTON,"Well, I think Donald was about to say he's going to solve it by repealing it and getting rid of the Affordable Care Act.",Donald
341,"Washington University in St. Louis, Missouri",10/9/16,2,http://www.presidency.ucsb.edu/ws/?pid=119038,CLINTON,"But if we repeal it, as Donald has proposed, and start over again, all of those benefits I just mentioned are lost to everybody, not just people who get their health insurance on the exchange.",Donald
345,"Washington University in St. Louis, Missouri",10/9/16,2,http://www.presidency.ucsb.edu/ws/?pid=119038,COOPER,"Secretary Clinton, your time is up.",Secretary Clinton
347,"Washington University in St. Louis, Missouri",10/9/16,2,http://www.presidency.ucsb.edu/ws/?pid=119038,COOPER,"Mr. Trump, you have two minutes.",Mr. Trump
364,"Washington University in St. Louis, Missouri",10/9/16,2,http://www.presidency.ucsb.edu/ws/?pid=119038,TRUMP,"We have to get rid of the lines around the state, artificial lines, where we stop insurance companies from coming in and competing, because they wantäóîand President Obama and whoever was working on itäóîthey want to leave those lines, because that gives the insurance companies essentially monopolies.",President Obama
371,"Washington University in St. Louis, Missouri",10/9/16,2,http://www.presidency.ucsb.edu/ws/?pid=119038,TRUMP,Hillary Clinton has been after this for years.,Hillary Clinton
375,"Washington University in St. Louis, Missouri",10/9/16,2,http://www.presidency.ucsb.edu/ws/?pid=119038,COOPER,"Mr. Trump, your time...",Mr. Trump
377,"Washington University in St. Louis, Missouri",10/9/16,2,http://www.presidency.ucsb.edu/ws/?pid=119038,COOPER,"Secretary Clinton, let me follow up with you.",Secretary Clinton
378,"Washington University in St. Louis, Missouri",10/9/16,2,http://www.presidency.ucsb.edu/ws/?pid=119038,COOPER,"Your husband called Obamacare, quote, ""the craziest thing in the world,"" saying that small-business owners are getting killed as premiums double, coverage is cut in half.",your husband
390,"Washington University in St. Louis, Missouri",10/9/16,2,http://www.presidency.ucsb.edu/ws/?pid=119038,COOPER,Secretary Clinton...,Secretary Clinton
396,"Washington University in St. Louis, Missouri",10/9/16,2,http://www.presidency.ucsb.edu/ws/?pid=119038,COOPER,"Mr. Trump, let me follow up on this.",Mr. Trump
398,"Washington University in St. Louis, Missouri",10/9/16,2,http://www.presidency.ucsb.edu/ws/?pid=119038,TRUMP,"First of all, Hillary, everything's broken about it.",Hillary
400,"Washington University in St. Louis, Missouri",10/9/16,2,http://www.presidency.ucsb.edu/ws/?pid=119038,TRUMP,"Number two, Bernie Sanders said that Hillary Clinton has very bad judgment.",Hillary Clinton
414,"Washington University in St. Louis, Missouri",10/9/16,2,http://www.presidency.ucsb.edu/ws/?pid=119038,TRUMP,"President ObamaäóîAnderson, excuse me.",President Obama; Anderson
415,"Washington University in St. Louis, Missouri",10/9/16,2,http://www.presidency.ucsb.edu/ws/?pid=119038,TRUMP,"President Obama, by keeping those lines, the boundary lines around each state, it was almost gone until just very toward the end of the passage of Obamacare, which, by the way, was a fraud.",President Obama
417,"Washington University in St. Louis, Missouri",10/9/16,2,http://www.presidency.ucsb.edu/ws/?pid=119038,TRUMP,"President Obama said you keep your doctor, you keep your plan.",President Obama
423,"Washington University in St. Louis, Missouri",10/9/16,2,http://www.presidency.ucsb.edu/ws/?pid=119038,COOPER,"Thank you, Mr. Trump.",Mr. Trump
425,"Washington University in St. Louis, Missouri",10/9/16,2,http://www.presidency.ucsb.edu/ws/?pid=119038,COOPER,"Thank you, Mr. Trump.",Mr. Trump
430,"Washington University in St. Louis, Missouri",10/9/16,2,http://www.presidency.ucsb.edu/ws/?pid=119038,RADDATZ,"Mr. Trump, you're first.",Mr. Trump
445,"Washington University in St. Louis, Missouri",10/9/16,2,http://www.presidency.ucsb.edu/ws/?pid=119038,TRUMP,And she won't even mention the word and nor will President Obama.,President Obama
448,"Washington University in St. Louis, Missouri",10/9/16,2,http://www.presidency.ucsb.edu/ws/?pid=119038,TRUMP,She won't say the name and President Obama won't say the name.,President Obama
452,"Washington University in St. Louis, Missouri",10/9/16,2,http://www.presidency.ucsb.edu/ws/?pid=119038,RADDATZ,Secretary Clinton?,Secretary Clinton
455,"Washington University in St. Louis, Missouri",10/9/16,2,http://www.presidency.ucsb.edu/ws/?pid=119038,CLINTON,"And even someone like Captain Khan, the young man who sacrificed himself defending our country in the United States Army, has been subject to attack by Donald.",Donald
463,"Washington University in St. Louis, Missouri",10/9/16,2,http://www.presidency.ucsb.edu/ws/?pid=119038,CLINTON,It's also very short-sighted and even dangerous to be engaging in the kind of demagogic rhetoric that Donald has about Muslims.,Donald
473,"Washington University in St. Louis, Missouri",10/9/16,2,http://www.presidency.ucsb.edu/ws/?pid=119038,RADDATZ,"Thank you, Secretary Clinton.",Secretary Clinton
474,"Washington University in St. Louis, Missouri",10/9/16,2,http://www.presidency.ucsb.edu/ws/?pid=119038,RADDATZ,"Mr. Trump, in December, you said this.",Mr. Trump
475,"Washington University in St. Louis, Missouri",10/9/16,2,http://www.presidency.ucsb.edu/ws/?pid=119038,RADDATZ,"""Donald J. Trump is calling for a total and complete shutdown of Muslims entering the United States until our country's representatives can figure out what the hell is going on.",Donald J. Trump
485,"Washington University in St. Louis, Missouri",10/9/16,2,http://www.presidency.ucsb.edu/ws/?pid=119038,TRUMP,Hillary Clinton wants to allow hundreds of thousandsäóîexcuse me.,Hillary Clinton
496,"Washington University in St. Louis, Missouri",10/9/16,2,http://www.presidency.ucsb.edu/ws/?pid=119038,TRUMP,We are going to areas like Syria where they're coming in by the tens of thousands because of Barack Obama.,Barack Obama
497,"Washington University in St. Louis, Missouri",10/9/16,2,http://www.presidency.ucsb.edu/ws/?pid=119038,TRUMP,And Hillary Clinton wants to allow a 550 percent increase over Obama.,Hillary Clinton; Obama
505,"Washington University in St. Louis, Missouri",10/9/16,2,http://www.presidency.ucsb.edu/ws/?pid=119038,RADDATZ,"And, Secretary Clinton, let me ask you about that, because you have asked for an increase from 10,000 to 65,000 Syrian refugees.",Secretary Clinton
515,"Washington University in St. Louis, Missouri",10/9/16,2,http://www.presidency.ucsb.edu/ws/?pid=119038,CLINTON,"But it is important for us as a policy, you know, not to say, as Donald has said, we're going to ban people based on a religion.",Donald
522,"Washington University in St. Louis, Missouri",10/9/16,2,http://www.presidency.ucsb.edu/ws/?pid=119038,CLINTON,"And indeed, you can look at the propaganda on a lot of the terrorists sites, and what Donald Trump says about Muslims is used to recruit fighters, because they want to create a war between us.",Donald Trump
543,"Washington University in St. Louis, Missouri",10/9/16,2,http://www.presidency.ucsb.edu/ws/?pid=119038,TRUMP,"Hillary Clinton, in terms of having people come into our country, we have many criminal illegal aliens.",Hillary Clinton
547,"Washington University in St. Louis, Missouri",10/9/16,2,http://www.presidency.ucsb.edu/ws/?pid=119038,TRUMP,"And Hillary Clinton, when she was secretary of state, said that's OK, we can't force it into their country.",Hillary Clinton
564,"Washington University in St. Louis, Missouri",10/9/16,2,http://www.presidency.ucsb.edu/ws/?pid=119038,RADDATZ,"Thank you, Mr. Trump.",Mr. Trump
567,"Washington University in St. Louis, Missouri",10/9/16,2,http://www.presidency.ucsb.edu/ws/?pid=119038,RADDATZ,"This question involves WikiLeaks release of purported excerpts of Secretary Clinton's paid speeches, which she has refused to release, and one line in particular, in which you, Secretary Clinton, purportedly say you need both a public and private position on certain issues.",Secretary Clinton; Secretary Clinton
570,"Washington University in St. Louis, Missouri",10/9/16,2,http://www.presidency.ucsb.edu/ws/?pid=119038,RADDATZ,"Secretary Clinton, your two minutes.",Secretary Clinton
578,"Washington University in St. Louis, Missouri",10/9/16,2,http://www.presidency.ucsb.edu/ws/?pid=119038,CLINTON,"But, you know, let's talk about what's really going on here, Martha, because our intelligence community just came out and said in the last few days that the Kremlin, meaning Putin and the Russian government, are directing the attacks, the hacking on American accounts to influence our election.",Martha; Putin
582,"Washington University in St. Louis, Missouri",10/9/16,2,http://www.presidency.ucsb.edu/ws/?pid=119038,CLINTON,They're doing it to try to influence the election for Donald Trump.,Donald Trump
583,"Washington University in St. Louis, Missouri",10/9/16,2,http://www.presidency.ucsb.edu/ws/?pid=119038,CLINTON,"Now, maybe because he has praised Putin, maybe because he says he agrees with a lot of what Putin wants to do, maybe because he wants to do business in Moscow, I don't know the reasons.",Putin
585,"Washington University in St. Louis, Missouri",10/9/16,2,http://www.presidency.ucsb.edu/ws/?pid=119038,CLINTON,And we should demand that Donald release all of his tax returns so that people can see what are the entanglements and the financial relationships that he has...,Donald
587,"Washington University in St. Louis, Missouri",10/9/16,2,http://www.presidency.ucsb.edu/ws/?pid=119038,RADDATZ,"Secretary Clinton, you're out of time.",Secretary Clinton
589,"Washington University in St. Louis, Missouri",10/9/16,2,http://www.presidency.ucsb.edu/ws/?pid=119038,RADDATZ,Mr. Trump?,Mr. Trump
600,"Washington University in St. Louis, Missouri",10/9/16,2,http://www.presidency.ucsb.edu/ws/?pid=119038,TRUMP,"But as far as other elements of what she was saying, I don't know Putin.",Putin
602,"Washington University in St. Louis, Missouri",10/9/16,2,http://www.presidency.ucsb.edu/ws/?pid=119038,TRUMP,But I don't know Putin.,Putin
626,"Washington University in St. Louis, Missouri",10/9/16,2,http://www.presidency.ucsb.edu/ws/?pid=119038,RADDATZ,"Thank you, Mr. Trump.",Mr. Trump
632,"Washington University in St. Louis, Missouri",10/9/16,2,http://www.presidency.ucsb.edu/ws/?pid=119038,COOPER,"Mr. Trump, you have two minutes.",Mr. Trump
637,"Washington University in St. Louis, Missouri",10/9/16,2,http://www.presidency.ucsb.edu/ws/?pid=119038,TRUMP,She complains that Donald Trump took advantage of the tax code.,Donald Trump
643,"Washington University in St. Louis, Missouri",10/9/16,2,http://www.presidency.ucsb.edu/ws/?pid=119038,TRUMP,"But you wouldn't change it, because all of these people gave you the money so you can take negative ads on Donald Trump.",Donald Trump
645,"Washington University in St. Louis, Missouri",10/9/16,2,http://www.presidency.ucsb.edu/ws/?pid=119038,TRUMP,"You know, I've heard Hillary complaining about so many different things over the years.",Hillary
657,"Washington University in St. Louis, Missouri",10/9/16,2,http://www.presidency.ucsb.edu/ws/?pid=119038,TRUMP,"And I will tell you, Hillary Clinton is raising your taxes, folks.",Hillary Clinton
674,"Washington University in St. Louis, Missouri",10/9/16,2,http://www.presidency.ucsb.edu/ws/?pid=119038,COOPER,"Secretary Clinton, you have two minutes.",Secretary Clinton
676,"Washington University in St. Louis, Missouri",10/9/16,2,http://www.presidency.ucsb.edu/ws/?pid=119038,CLINTON,"Well, everything you've heard just now from Donald is not true.",Donald
681,"Washington University in St. Louis, Missouri",10/9/16,2,http://www.presidency.ucsb.edu/ws/?pid=119038,CLINTON,"Donald always takes care of Donald and people like Donald, and this would be a massive gift.",Donald; Donald; Donald
696,"Washington University in St. Louis, Missouri",10/9/16,2,http://www.presidency.ucsb.edu/ws/?pid=119038,CLINTON,"People like Donald, who paid zero in taxes, zero for our vets, zero for our military, zero for health and education, that is wrong.",Donald
697,"Washington University in St. Louis, Missouri",10/9/16,2,http://www.presidency.ucsb.edu/ws/?pid=119038,COOPER,"Thank you, Secretary.",Secretary
700,"Washington University in St. Louis, Missouri",10/9/16,2,http://www.presidency.ucsb.edu/ws/?pid=119038,COOPER,I want to give youäóîMr.,Mr. Trump
715,"Washington University in St. Louis, Missouri",10/9/16,2,http://www.presidency.ucsb.edu/ws/?pid=119038,TRUMP,"A lot of myäóîexcuse me, Andersonäóîa lot of my write- off was depreciation and other things that Hillary as a senator allowed.",Anderson; Hillary
719,"Washington University in St. Louis, Missouri",10/9/16,2,http://www.presidency.ucsb.edu/ws/?pid=119038,TRUMP,"Hillary Clintonäóîand it's extremely complexäóîHillary Clinton has friends that want all of these provisions, including they want the carried interest provision, which is very important to Wall Street people.",Hillary Clinton; Hillary Clinton
720,"Washington University in St. Louis, Missouri",10/9/16,2,http://www.presidency.ucsb.edu/ws/?pid=119038,TRUMP,"But they really want the carried interest provision, which I believe Hillary's leaving.",Hillary
724,"Washington University in St. Louis, Missouri",10/9/16,2,http://www.presidency.ucsb.edu/ws/?pid=119038,TRUMP,And so did Warren Buffett and so did George Soros and so did many of the other people that Hillary is getting money from.,Hillary
732,"Washington University in St. Louis, Missouri",10/9/16,2,http://www.presidency.ucsb.edu/ws/?pid=119038,TRUMP,"Hey, if she had a problemäóîfor 30 years she's been doing this, Anderson.",Anderson
744,"Washington University in St. Louis, Missouri",10/9/16,2,http://www.presidency.ucsb.edu/ws/?pid=119038,TRUMP,"I mean, her and Obama, whether you like it or not, the way they got out of Iraq, the vacuum they've left, that's why ISIS formed in the first place.",Obama
745,"Washington University in St. Louis, Missouri",10/9/16,2,http://www.presidency.ucsb.edu/ws/?pid=119038,TRUMP,"They started from that little area, and now they're in 32 different nations, Hillary.",Hillary
748,"Washington University in St. Louis, Missouri",10/9/16,2,http://www.presidency.ucsb.edu/ws/?pid=119038,COOPER,"SecretaryäóîI want you to be able to respond, Secretary Clinton.",Secretary Clinton
776,"Washington University in St. Louis, Missouri",10/9/16,2,http://www.presidency.ucsb.edu/ws/?pid=119038,COOPER,"Thank you, secretary.",secretary
778,"Washington University in St. Louis, Missouri",10/9/16,2,http://www.presidency.ucsb.edu/ws/?pid=119038,COOPER,"Thank you, secretary.",secretary
783,"Washington University in St. Louis, Missouri",10/9/16,2,http://www.presidency.ucsb.edu/ws/?pid=119038,RADDATZ,"No, we canäóîno, Mr. Trump, we're going to go on.",Mr. Trump
788,"Washington University in St. Louis, Missouri",10/9/16,2,http://www.presidency.ucsb.edu/ws/?pid=119038,RADDATZ,"Mr. Trump, we're going to move on.",Mr. Trump
795,"Washington University in St. Louis, Missouri",10/9/16,2,http://www.presidency.ucsb.edu/ws/?pid=119038,RADDATZ,"Secretary Clinton, we will begin with your two minutes.",Secretary Clinton
815,"Washington University in St. Louis, Missouri",10/9/16,2,http://www.presidency.ucsb.edu/ws/?pid=119038,RADDATZ,"Thank you, Secretary Clinton.",Secretary Clinton
816,"Washington University in St. Louis, Missouri",10/9/16,2,http://www.presidency.ucsb.edu/ws/?pid=119038,RADDATZ,Mr. Trump?,Mr. Trump
825,"Washington University in St. Louis, Missouri",10/9/16,2,http://www.presidency.ucsb.edu/ws/?pid=119038,TRUMP,"You were in total contact with the White House, and perhaps, sadly, Obama probably still listened to you.",Obama
827,"Washington University in St. Louis, Missouri",10/9/16,2,http://www.presidency.ucsb.edu/ws/?pid=119038,TRUMP,Obama draws the line in the sand.,Obama
838,"Washington University in St. Louis, Missouri",10/9/16,2,http://www.presidency.ucsb.edu/ws/?pid=119038,TRUMP,"Now, she talks tough, she talks really tough against Putin and against Assad.",Putin; Assad
854,"Washington University in St. Louis, Missouri",10/9/16,2,http://www.presidency.ucsb.edu/ws/?pid=119038,TRUMP,"Well, what Russia did with Assad and, by the way, with Iran, who you made very powerful with the dumbest deal perhaps I've ever seen in the history of deal-making, the Iran deal, with the $150 billion, with the $1.7 billion in cash, which is enough to fill up this room.",Assad
862,"Washington University in St. Louis, Missouri",10/9/16,2,http://www.presidency.ucsb.edu/ws/?pid=119038,RADDATZ,"Mr. Trump, Mr. Trump, your two minutes is up.",Mr. Trump; Mr. Trump
865,"Washington University in St. Louis, Missouri",10/9/16,2,http://www.presidency.ucsb.edu/ws/?pid=119038,TRUMP,"I don't like Assad at all, but Assad is killing ISIS.",Assad; Assad
869,"Washington University in St. Louis, Missouri",10/9/16,2,http://www.presidency.ucsb.edu/ws/?pid=119038,RADDATZ,"Mr. Trump, let me repeat the question.",Mr. Trump
871,"Washington University in St. Louis, Missouri",10/9/16,2,http://www.presidency.ucsb.edu/ws/?pid=119038,RADDATZ,And I want to remind you what your running mate said.,your running mate
872,"Washington University in St. Louis, Missouri",10/9/16,2,http://www.presidency.ucsb.edu/ws/?pid=119038,RADDATZ,"He said provocations by Russia need to be met with American strength and that if Russia continues to be involved in air strikes along with the Syrian government forces of Assad, the United States of America should be prepared to use military force to strike the military targets of the Assad regime.",Assad
881,"Washington University in St. Louis, Missouri",10/9/16,2,http://www.presidency.ucsb.edu/ws/?pid=119038,TRUMP,"Syria is Russia and it's Iran, who she made strong and Kerry and Obama made into a very powerful nation and a very rich nation, very, very quickly, very, very quickly.",Kerry; Obama
911,"Washington University in St. Louis, Missouri",10/9/16,2,http://www.presidency.ucsb.edu/ws/?pid=119038,TRUMP,And we have General Flynn.,Genereal Flynn
925,"Washington University in St. Louis, Missouri",10/9/16,2,http://www.presidency.ucsb.edu/ws/?pid=119038,TRUMP,"General George Patton, General Douglas MacArthur are spinning in their grave at the stupidity of what we're doing in the Middle East.",General George Patton; General Douglas MacArthur
926,"Washington University in St. Louis, Missouri",10/9/16,2,http://www.presidency.ucsb.edu/ws/?pid=119038,RADDATZ,I'm going to go to Secretary Clinton.,Secretary Clinton
927,"Washington University in St. Louis, Missouri",10/9/16,2,http://www.presidency.ucsb.edu/ws/?pid=119038,RADDATZ,"Secretary Clinton, you want Assad to go.",Secretary Clinton; Assad
938,"Washington University in St. Louis, Missouri",10/9/16,2,http://www.presidency.ucsb.edu/ws/?pid=119038,RADDATZ,But what would you do differently than President Obama is doing?,President Obama
939,"Washington University in St. Louis, Missouri",10/9/16,2,http://www.presidency.ucsb.edu/ws/?pid=119038,CLINTON,"Well, Martha, I hope that by the time Iäóîif I'm fortunate...",Martha
943,"Washington University in St. Louis, Missouri",10/9/16,2,http://www.presidency.ucsb.edu/ws/?pid=119038,CLINTON,"And, you know, Donald says he knows more about ISIS than the generals.",Donald
960,"Washington University in St. Louis, Missouri",10/9/16,2,http://www.presidency.ucsb.edu/ws/?pid=119038,COOPER,We've got a question over here from James Carter.,James Carter
961,"Washington University in St. Louis, Missouri",10/9/16,2,http://www.presidency.ucsb.edu/ws/?pid=119038,COOPER,Mr. Carter?,Mr. Carter
963,"Washington University in St. Louis, Missouri",10/9/16,2,http://www.presidency.ucsb.edu/ws/?pid=119038,COOPER,That question begins for Mr. Trump.,Mr. Trump
968,"Washington University in St. Louis, Missouri",10/9/16,2,http://www.presidency.ucsb.edu/ws/?pid=119038,TRUMP,"Because NAFTA, signed by her husband, is perhaps the greatest disaster trade deal in the history of the world.",her husband
1003,"Washington University in St. Louis, Missouri",10/9/16,2,http://www.presidency.ucsb.edu/ws/?pid=119038,COOPER,"Mr. Trump, thank you.",Mr. Trump
1009,"Washington University in St. Louis, Missouri",10/9/16,2,http://www.presidency.ucsb.edu/ws/?pid=119038,COOPER,"Secretary Clinton, two minutes?",Secretary Clinton
1011,"Washington University in St. Louis, Missouri",10/9/16,2,http://www.presidency.ucsb.edu/ws/?pid=119038,COOPER,"You have two minutes, Secretary Clinton.",Secretary Clinton
1013,"Washington University in St. Louis, Missouri",10/9/16,2,http://www.presidency.ucsb.edu/ws/?pid=119038,CLINTON,"Mr. Carter, I have tried my entire life to do what I can to support children and families.",Mr. Carter
1015,"Washington University in St. Louis, Missouri",10/9/16,2,http://www.presidency.ucsb.edu/ws/?pid=119038,CLINTON,"And Donald talks a lot about, you know, the 30 years I've been in public service.",Donald
1021,"Washington University in St. Louis, Missouri",10/9/16,2,http://www.presidency.ucsb.edu/ws/?pid=119038,CLINTON,"And I think when you look at the letters that I get, a lot of people are worried that maybe they wouldn't have a place in Donald Trump's America.",Donald Trump
1026,"Washington University in St. Louis, Missouri",10/9/16,2,http://www.presidency.ucsb.edu/ws/?pid=119038,CLINTON,"And he listens to Donald on TV and he said to his mother one day, will he send me back to Ethiopia if he gets elected?",Donald
1034,"Washington University in St. Louis, Missouri",10/9/16,2,http://www.presidency.ucsb.edu/ws/?pid=119038,COOPER,"Your time, Secretary Clinton.",Secretary Clinton
1039,"Washington University in St. Louis, Missouri",10/9/16,2,http://www.presidency.ucsb.edu/ws/?pid=119038,COOPER,"Secretary Clinton, your two minutes is up.",Secretary Clinton
1040,"Washington University in St. Louis, Missouri",10/9/16,2,http://www.presidency.ucsb.edu/ws/?pid=119038,COOPER,"I want to follow up on something that Donald Trump actually said to you, a comment you made last month.",Donald Trump
1041,"Washington University in St. Louis, Missouri",10/9/16,2,http://www.presidency.ucsb.edu/ws/?pid=119038,COOPER,"You said that half of Donald Trump's supporters are, quote, ""deplorables, racist, sexist, homophobic, xenophobic, Islamophobic.""",Donald Trump
1044,"Washington University in St. Louis, Missouri",10/9/16,2,http://www.presidency.ucsb.edu/ws/?pid=119038,COOPER,"To Mr. Carter's question, how can you unite a country if you've written off tens of millions of Americans?",Mr. Carter
1048,"Washington University in St. Louis, Missouri",10/9/16,2,http://www.presidency.ucsb.edu/ws/?pid=119038,CLINTON,And so I do think that a lot of the tone and tenor that he has saidäóîI'm proud of the campaign that Bernie Sanders and I ran.,Bernie Sanders
1054,"Washington University in St. Louis, Missouri",10/9/16,2,http://www.presidency.ucsb.edu/ws/?pid=119038,COOPER,"Thank you, Secretary.",Secretary
1068,"Washington University in St. Louis, Missouri",10/9/16,2,http://www.presidency.ucsb.edu/ws/?pid=119038,TRUMP,"And this country cannot take another four years of Barack Obama, and that's what you're getting with her.",Barack Obama
1069,"Washington University in St. Louis, Missouri",10/9/16,2,http://www.presidency.ucsb.edu/ws/?pid=119038,COOPER,"Mr. Trump, let me follow up with you.",Mr. Trump
1080,"Washington University in St. Louis, Missouri",10/9/16,2,http://www.presidency.ucsb.edu/ws/?pid=119038,TRUMP,"She didn't answer it, because when Ambassador Stevens...",Ambassador Stevens
1082,"Washington University in St. Louis, Missouri",10/9/16,2,http://www.presidency.ucsb.edu/ws/?pid=119038,TRUMP,"... 600äóîwait a minute, Anderson, 600 times.",Anderson
1087,"Washington University in St. Louis, Missouri",10/9/16,2,http://www.presidency.ucsb.edu/ws/?pid=119038,TRUMP,Ambassador StevensäóîAmbassador Stevens sent 600 requests for help.,Ambassador Stevens; Ambassador Stevens
1088,"Washington University in St. Louis, Missouri",10/9/16,2,http://www.presidency.ucsb.edu/ws/?pid=119038,TRUMP,"And the only one she talked to was Sidney Blumenthal, who's her friend and not a good guy, by the way.",Sidney Blumenthal
1096,"Washington University in St. Louis, Missouri",10/9/16,2,http://www.presidency.ucsb.edu/ws/?pid=119038,COOPER,"Secretary Clinton, does Mr. Trump have the discipline to be a good leader?",Secretary Clinton; Mr. Trump
1107,"Washington University in St. Louis, Missouri",10/9/16,2,http://www.presidency.ucsb.edu/ws/?pid=119038,CLINTON,And I have worked and I admire President Obama.,President Obama
1112,"Washington University in St. Louis, Missouri",10/9/16,2,http://www.presidency.ucsb.edu/ws/?pid=119038,RADDATZ,"Secretary Clinton, we have to...",Secretary Clinton
1114,"Washington University in St. Louis, Missouri",10/9/16,2,http://www.presidency.ucsb.edu/ws/?pid=119038,RADDATZ,"Secretary Clinton, we're moving.",Secretary Clinton
1118,"Washington University in St. Louis, Missouri",10/9/16,2,http://www.presidency.ucsb.edu/ws/?pid=119038,RADDATZ,"Secretary Clinton, we are moving to an audience question.",Secretary Clinton
1124,"Washington University in St. Louis, Missouri",10/9/16,2,http://www.presidency.ucsb.edu/ws/?pid=119038,RADDATZ,"Mr. Trump, Secretary Clinton, we want to get to the audience.",Mr. Trump; Secretary Clinton
1127,"Washington University in St. Louis, Missouri",10/9/16,2,http://www.presidency.ucsb.edu/ws/?pid=119038,RADDATZ,Beth Miller has a question for both candidates.,Beth Miller
1131,"Washington University in St. Louis, Missouri",10/9/16,2,http://www.presidency.ucsb.edu/ws/?pid=119038,RADDATZ,"We begin with your two minutes, Secretary Clinton.",Secretary Clinton
1138,"Washington University in St. Louis, Missouri",10/9/16,2,http://www.presidency.ucsb.edu/ws/?pid=119038,CLINTON,Donald doesn't agree with that.,Donald
1141,"Washington University in St. Louis, Missouri",10/9/16,2,http://www.presidency.ucsb.edu/ws/?pid=119038,CLINTON,"Now, Donald has put forth the names of some people that he would consider.",Donald
1147,"Washington University in St. Louis, Missouri",10/9/16,2,http://www.presidency.ucsb.edu/ws/?pid=119038,CLINTON,"And I regret deeply that the Senate has not done its job and they have not permitted a vote on the person that President Obama, a highly qualified person, they've not given him a vote to be able to be have the full complement of nine Supreme Court justices.",President Obama
1150,"Washington University in St. Louis, Missouri",10/9/16,2,http://www.presidency.ucsb.edu/ws/?pid=119038,RADDATZ,"Thank you, Secretary Clinton.",Secretary Clinton
1153,"Washington University in St. Louis, Missouri",10/9/16,2,http://www.presidency.ucsb.edu/ws/?pid=119038,RADDATZ,Mr. Trump?,Mr. Trump
1154,"Washington University in St. Louis, Missouri",10/9/16,2,http://www.presidency.ucsb.edu/ws/?pid=119038,TRUMP,"Justice Scalia, great judge, died recently.",Justice Scalia
1156,"Washington University in St. Louis, Missouri",10/9/16,2,http://www.presidency.ucsb.edu/ws/?pid=119038,TRUMP,I am looking to appoint judges very much in the mold of Justice Scalia.,Justice Scalia
1160,"Washington University in St. Louis, Missouri",10/9/16,2,http://www.presidency.ucsb.edu/ws/?pid=119038,TRUMP,"Also, the Second Amendment, which is totally under siege by people like Hillary Clinton.",Hillary Clinton
1163,"Washington University in St. Louis, Missouri",10/9/16,2,http://www.presidency.ucsb.edu/ws/?pid=119038,TRUMP,"Now, Hillary mentioned something about contributions just so you understand.",Hillary
1169,"Washington University in St. Louis, Missouri",10/9/16,2,http://www.presidency.ucsb.edu/ws/?pid=119038,TRUMP,"I ask Hillary, why doesn'täóîshe made $250 million by being in office.",Hillary
1186,"Washington University in St. Louis, Missouri",10/9/16,2,http://www.presidency.ucsb.edu/ws/?pid=119038,RADDATZ,"We haveäóîwe have one more question, Mrs. Clinton.",Mrs. Clinton
1188,"Washington University in St. Louis, Missouri",10/9/16,2,http://www.presidency.ucsb.edu/ws/?pid=119038,COOPER,We have one more question from Ken Bone about energy policy.,Ken Bone
1189,"Washington University in St. Louis, Missouri",10/9/16,2,http://www.presidency.ucsb.edu/ws/?pid=119038,COOPER,Ken?,Ken
1191,"Washington University in St. Louis, Missouri",10/9/16,2,http://www.presidency.ucsb.edu/ws/?pid=119038,COOPER,"Mr. Trump, two minutes?",Mr. Trump
1201,"Washington University in St. Louis, Missouri",10/9/16,2,http://www.presidency.ucsb.edu/ws/?pid=119038,TRUMP,Hillary Clinton wants to put all the miners out of business.,Hillary Clinton
1224,"Washington University in St. Louis, Missouri",10/9/16,2,http://www.presidency.ucsb.edu/ws/?pid=119038,COOPER,"Secretary Clinton, two minutes.",Secretary Clinton
1226,"Washington University in St. Louis, Missouri",10/9/16,2,http://www.presidency.ucsb.edu/ws/?pid=119038,CLINTON,"First of all, China is illegally dumping steel in the United States and Donald Trump is buying it to build his buildings, putting steelworkers and American steel plants out of business.",Donal Trump
1246,"Washington University in St. Louis, Missouri",10/9/16,2,http://www.presidency.ucsb.edu/ws/?pid=119038,COOPER,Secretary Clinton...,Secretary Clinton
1256,"Washington University in St. Louis, Missouri",10/9/16,2,http://www.presidency.ucsb.edu/ws/?pid=119038,RADDATZ,"We've sneaked in one more question, and it comes from Karl Becker.",Karl Becker
1263,"Washington University in St. Louis, Missouri",10/9/16,2,http://www.presidency.ucsb.edu/ws/?pid=119038,CLINTON,"His children are incredibly able and devoted, and I think that says a lot about Donald.",Donald
1273,"Washington University in St. Louis, Missouri",10/9/16,2,http://www.presidency.ucsb.edu/ws/?pid=119038,RADDATZ,Mr. Trump?,Mr. Trump
1278,"Washington University in St. Louis, Missouri",10/9/16,2,http://www.presidency.ucsb.edu/ws/?pid=119038,TRUMP,I will say this about Hillary.,Hillary
1289,"Washington University in St. Louis, Missouri",10/9/16,2,http://www.presidency.ucsb.edu/ws/?pid=119038,COOPER,We want to thank both the candidates.,the candidates
1292,"Washington University in St. Louis, Missouri",10/9/16,2,http://www.presidency.ucsb.edu/ws/?pid=119038,COOPER,"Our thanks to the candidates, the commission, Washington University, and to everybody who watched.",the candidates
